{"type": "block", "layer": 21, "block": 0, "features": [{"geom": {"lines": [[-0.6594386389479041, -59.24969091266394, 0.0, -25.786404587328434, 21.46500114351511, 0.0, -55.19895753916353, 18.979620043188334, 0.0, -64.28221933264285, 28.958098337054253, 0.0]]}, "mtl": 0}], "featureCount": 1, "startIndex": 0}