{"type": "block", "layer": 105, "block": 0, "features": [{"geom": {"lines": [[-67.50797938979304, 33.75398969389789, 0.0, -59.71859714934544, -18.752216496446636, 0.0, -26.54159873540266, -19.040712135232752, 0.0, -32.02301586452086, 15.578764474208583, 0.0, -38.658415549969504, 45.5823108679906, 0.0, -33.17699841963622, 63.75753608625382, 0.0]]}, "mtl": 0}], "featureCount": 1, "startIndex": 0}