{"type": "block", "layer": 105, "block": 0, "features": [{"geom": {"pts": [[-33.176998418493895, 16.87699484633049, 0.0]], "rotateX": -100, "rotateY": -30, "rotateZ": 0, "scale": 200}, "model": 0}, {"geom": {"pts": [[-24.66637708466442, -3.3176998420385644, 0.0]], "rotateX": -100, "rotateY": -30, "rotateZ": 0, "scale": 200}, "model": 0}, {"geom": {"pts": [[4.760178034746787, 23.368146712018643, 0.0]], "rotateX": -100, "rotateY": -30, "rotateZ": 0, "scale": 200}, "model": 0}], "featureCount": 3, "startIndex": 0}