{"type": "block", "layer": 102, "block": 0, "features": [{"geom": {"pts": [[-232.26941552513745, 7.009665225559729, 19.844457626342773]], "rotateX": 900, "rotateY": -600, "rotateZ": 0, "scale": 500}, "model": 0}, {"geom": {"pts": [[-228.46756319940323, -2.9701971294998657, 19.879785537719727]], "rotateX": 900, "rotateY": -600, "rotateZ": 0, "scale": 500}, "model": 0}, {"geom": {"pts": [[-229.89325782155356, -17.702374891698128, 19.899999618530273]], "rotateX": 900, "rotateY": -600, "rotateZ": 0, "scale": 500}, "model": 0}, {"geom": {"pts": [[-213.97300120755244, 10.336286010569893, 19.899999618530273]], "rotateX": 900, "rotateY": -600, "rotateZ": 0, "scale": 500}, "model": 0}], "featureCount": 4, "startIndex": 0}