{"type": "block", "layer": 102, "block": 0, "features": [{"geom": {"pts": [[-37.18686806104961, 69.2649970594066, 19.844457626342773]], "rotateX": 0, "rotateY": 0, "rotateZ": 0, "scale": 800}, "model": 0}, {"geom": {"pts": [[-33.38501573531539, 59.285134704347, 19.879785537719727]], "rotateX": 0, "rotateY": 0, "rotateZ": 0, "scale": 800}, "model": 0}, {"geom": {"pts": [[-34.81071035746572, 44.55295694214874, 19.899999618530273]], "rotateX": 0, "rotateY": 0, "rotateZ": 0, "scale": 800}, "model": 0}, {"geom": {"pts": [[-18.890453743464604, 72.59161784441676, 19.899999618530273]], "rotateX": 0, "rotateY": 0, "rotateZ": 0, "scale": 800}, "model": 0}], "featureCount": 4, "startIndex": 0}